-- BluehillPantheon_Beliefs_City_Patron_Goddess
-- Author: Bluehill
-- DateCreated: 2023-10-26 오후 3:24:44
--------------------------------------------------------------

INSERT INTO Modifiers (ModifierId, ModifierType, SubjectRequirementSetId) VALUES ('GODDESS_OF_PROTECTION_WALLS_PRODUCTION', 'MODIFIER_ALL_PLAYERS_ATTACH_MODIFIER', 'PLAYER_HAS_PANTHEON_REQUIREMENTS'), ('GODDESS_OF_PROTECTION_CASTLE_PRODUCTION', 'MODIFIER_ALL_PLAYERS_ATTACH_MODIFIER', 'PLAYER_HAS_PANTHEON_REQUIREMENTS'), ('GODDESS_OF_PROTECTION_STAR_FORT_PRODUCTION', 'MODIFIER_ALL_PLAYERS_ATTACH_MODIFIER', 'PLAYER_HAS_PANTHEON_REQUIREMENTS'), ('GODDESS_OF_PROTECTION_OUTERDEFENSE', 'MODIFIER_ALL_PLAYERS_ATTACH_MODIFIER', 'PLAYER_HAS_PANTHEON_REQUIREMENTS'), ('GODDESS_OF_PROTECTION_RANGEDSTRIKE', 'MODIFIER_ALL_PLAYERS_ATTACH_MODIFIER', 'PLAYER_HAS_PANTHEON_REQUIREMENTS');
INSERT INTO Modifiers (ModifierId, ModifierType) VALUES ('GODDESS_OF_PROTECTION_WALLS_PRODUCTION_MODIFIER', 'MODIFIER_PLAYER_CITIES_ADJUST_BUILDING_PRODUCTION'), ('GODDESS_OF_PROTECTION_CASTLE_PRODUCTION_MODIFIER', 'MODIFIER_PLAYER_CITIES_ADJUST_BUILDING_PRODUCTION'), ('GODDESS_OF_PROTECTION_STAR_FORT_PRODUCTION_MODIFIER', 'MODIFIER_PLAYER_CITIES_ADJUST_BUILDING_PRODUCTION'), ('GODDESS_OF_PROTECTION_OUTERDEFENSE_MODIFIER', 'MODIFIER_PLAYER_CITIES_ADJUST_OUTER_DEFENSE'), ('GODDESS_OF_PROTECTION_RANGEDSTRIKE_MODIFIER', 'MODIFIER_PLAYER_CITIES_ADJUST_RANGED_STRIKE');

INSERT INTO Modifiers (ModifierId, ModifierType, SubjectRequirementSetId) SELECT 'GODDESS_OF_PROTECTION_' || substr(CivUniqueBuildingType, 10) || '_PRODUCTION', 'MODIFIER_ALL_PLAYERS_ATTACH_MODIFIER', 'PLAYER_HAS_PANTHEON_REQUIREMENTS' FROM BuildingReplaces WHERE ReplacesBuildingType = 'BUILDING_WALLS';
INSERT INTO Modifiers (ModifierId, ModifierType) SELECT 'GODDESS_OF_PROTECTION_' || substr(CivUniqueBuildingType, 10) || '_PRODUCTION_MODIFIER', 'MODIFIER_PLAYER_CITIES_ADJUST_BUILDING_PRODUCTION' FROM BuildingReplaces WHERE ReplacesBuildingType = 'BUILDING_WALLS';

INSERT INTO Modifiers (ModifierId, ModifierType, SubjectRequirementSetId) SELECT 'GODDESS_OF_PROTECTION_' || substr(CivUniqueBuildingType, 10) || '_PRODUCTION', 'MODIFIER_ALL_PLAYERS_ATTACH_MODIFIER', 'PLAYER_HAS_PANTHEON_REQUIREMENTS' FROM BuildingReplaces WHERE ReplacesBuildingType = 'BUILDING_CASTLE';
INSERT INTO Modifiers (ModifierId, ModifierType) SELECT 'GODDESS_OF_PROTECTION_' || substr(CivUniqueBuildingType, 10) || '_PRODUCTION_MODIFIER', 'MODIFIER_PLAYER_CITIES_ADJUST_BUILDING_PRODUCTION' FROM BuildingReplaces WHERE ReplacesBuildingType = 'BUILDING_CASTLE';

INSERT INTO Modifiers (ModifierId, ModifierType, SubjectRequirementSetId) SELECT 'GODDESS_OF_PROTECTION_' || substr(CivUniqueBuildingType, 10) || '_PRODUCTION', 'MODIFIER_ALL_PLAYERS_ATTACH_MODIFIER', 'PLAYER_HAS_PANTHEON_REQUIREMENTS' FROM BuildingReplaces WHERE ReplacesBuildingType = 'BUILDING_STAR_FORT';
INSERT INTO Modifiers (ModifierId, ModifierType) SELECT 'GODDESS_OF_PROTECTION_' || substr(CivUniqueBuildingType, 10) || '_PRODUCTION_MODIFIER', 'MODIFIER_PLAYER_CITIES_ADJUST_BUILDING_PRODUCTION' FROM BuildingReplaces WHERE ReplacesBuildingType = 'BUILDING_STAR_FORT';

INSERT INTO ModifierArguments (ModifierId, Name, Value) VALUES ('GODDESS_OF_PROTECTION_WALLS_PRODUCTION', 'ModifierId', 'GODDESS_OF_PROTECTION_WALLS_PRODUCTION_MODIFIER'), ('GODDESS_OF_PROTECTION_CASTLE_PRODUCTION', 'ModifierId', 'GODDESS_OF_PROTECTION_CASTLE_PRODUCTION_MODIFIER'), ('GODDESS_OF_PROTECTION_STAR_FORT_PRODUCTION', 'ModifierId', 'GODDESS_OF_PROTECTION_STAR_FORT_PRODUCTION_MODIFIER'), ('GODDESS_OF_PROTECTION_OUTERDEFENSE', 'ModifierId', 'GODDESS_OF_PROTECTION_OUTERDEFENSE_MODIFIER'), ('GODDESS_OF_PROTECTION_RANGEDSTRIKE', 'ModifierId', 'GODDESS_OF_PROTECTION_RANGEDSTRIKE_MODIFIER');
INSERT INTO ModifierArguments (ModifierId, Name, Value) VALUES ('GODDESS_OF_PROTECTION_WALLS_PRODUCTION_MODIFIER', 'BuildingType', 'BUILDING_WALLS'), ('GODDESS_OF_PROTECTION_WALLS_PRODUCTION_MODIFIER', 'Amount', '50'), ('GODDESS_OF_PROTECTION_CASTLE_PRODUCTION_MODIFIER', 'BuildingType', 'BUILDING_CASTLE'), ('GODDESS_OF_PROTECTION_CASTLE_PRODUCTION_MODIFIER', 'Amount', '50'), ('GODDESS_OF_PROTECTION_STAR_FORT_PRODUCTION_MODIFIER', 'BuildingType', 'BUILDING_STAR_FORT'), ('GODDESS_OF_PROTECTION_STAR_FORT_PRODUCTION_MODIFIER', 'Amount', '50'), ('GODDESS_OF_PROTECTION_OUTERDEFENSE_MODIFIER', 'Amount', '5'), ('GODDESS_OF_PROTECTION_RANGEDSTRIKE_MODIFIER', 'Amount', '5');

INSERT INTO ModifierArguments (ModifierId, Name, Value) SELECT 'GODDESS_OF_PROTECTION_' || substr(CivUniqueBuildingType, 10) || '_PRODUCTION', 'ModifierId', 'GODDESS_OF_PROTECTION_' || substr(CivUniqueBuildingType, 10) || '_PRODUCTION_MODIFIER' FROM BuildingReplaces WHERE ReplacesBuildingType = 'BUILDING_WALLS';
INSERT INTO ModifierArguments (ModifierId, Name, Value) SELECT 'GODDESS_OF_PROTECTION_' || substr(CivUniqueBuildingType, 10) || '_PRODUCTION_MODIFIER', 'BuildingType', CivUniqueBuildingType FROM BuildingReplaces WHERE ReplacesBuildingType = 'BUILDING_WALLS';
INSERT INTO ModifierArguments (ModifierId, Name, Value) SELECT 'GODDESS_OF_PROTECTION_' || substr(CivUniqueBuildingType, 10) || '_PRODUCTION_MODIFIER', 'Amount', '50' FROM BuildingReplaces WHERE ReplacesBuildingType = 'BUILDING_WALLS';

INSERT INTO ModifierArguments (ModifierId, Name, Value) SELECT 'GODDESS_OF_PROTECTION_' || substr(CivUniqueBuildingType, 10) || '_PRODUCTION', 'ModifierId', 'GODDESS_OF_PROTECTION_' || substr(CivUniqueBuildingType, 10) || '_PRODUCTION_MODIFIER' FROM BuildingReplaces WHERE ReplacesBuildingType = 'BUILDING_CASTLE';
INSERT INTO ModifierArguments (ModifierId, Name, Value) SELECT 'GODDESS_OF_PROTECTION_' || substr(CivUniqueBuildingType, 10) || '_PRODUCTION_MODIFIER', 'BuildingType', CivUniqueBuildingType FROM BuildingReplaces WHERE ReplacesBuildingType = 'BUILDING_CASTLE';
INSERT INTO ModifierArguments (ModifierId, Name, Value) SELECT 'GODDESS_OF_PROTECTION_' || substr(CivUniqueBuildingType, 10) || '_PRODUCTION_MODIFIER', 'Amount', '50' FROM BuildingReplaces WHERE ReplacesBuildingType = 'BUILDING_CASTLE';

INSERT INTO ModifierArguments (ModifierId, Name, Value) SELECT 'GODDESS_OF_PROTECTION_' || substr(CivUniqueBuildingType, 10) || '_PRODUCTION', 'ModifierId', 'GODDESS_OF_PROTECTION_' || substr(CivUniqueBuildingType, 10) || '_PRODUCTION_MODIFIER' FROM BuildingReplaces WHERE ReplacesBuildingType = 'BUILDING_STAR_FORT';
INSERT INTO ModifierArguments (ModifierId, Name, Value) SELECT 'GODDESS_OF_PROTECTION_' || substr(CivUniqueBuildingType, 10) || '_PRODUCTION_MODIFIER', 'BuildingType', CivUniqueBuildingType FROM BuildingReplaces WHERE ReplacesBuildingType = 'BUILDING_STAR_FORT';
INSERT INTO ModifierArguments (ModifierId, Name, Value) SELECT 'GODDESS_OF_PROTECTION_' || substr(CivUniqueBuildingType, 10) || '_PRODUCTION_MODIFIER', 'Amount', '50' FROM BuildingReplaces WHERE ReplacesBuildingType = 'BUILDING_STAR_FORT';

DELETE FROM BeliefModifiers WHERE BeliefType = 'BELIEF_CITY_PATRON_GODDESS';

INSERT INTO BeliefModifiers (BeliefType, ModifierId) VALUES ('BELIEF_CITY_PATRON_GODDESS', 'GODDESS_OF_PROTECTION_WALLS_PRODUCTION'), ('BELIEF_CITY_PATRON_GODDESS', 'GODDESS_OF_PROTECTION_CASTLE_PRODUCTION'), ('BELIEF_CITY_PATRON_GODDESS', 'GODDESS_OF_PROTECTION_STAR_FORT_PRODUCTION'),  ('BELIEF_CITY_PATRON_GODDESS', 'GODDESS_OF_PROTECTION_OUTERDEFENSE'), ('BELIEF_CITY_PATRON_GODDESS', 'GODDESS_OF_PROTECTION_RANGEDSTRIKE');

INSERT INTO BeliefModifiers (BeliefType, ModifierId) SELECT 'BELIEF_CITY_PATRON_GODDESS', 'GODDESS_OF_PROTECTION_' || substr(CivUniqueBuildingType, 10) || '_PRODUCTION' FROM BuildingReplaces WHERE ReplacesBuildingType = 'BUILDING_WALLS';

INSERT INTO BeliefModifiers (BeliefType, ModifierId) SELECT 'BELIEF_CITY_PATRON_GODDESS', 'GODDESS_OF_PROTECTION_' || substr(CivUniqueBuildingType, 10) || '_PRODUCTION' FROM BuildingReplaces WHERE ReplacesBuildingType = 'BUILDING_CASTLE';

INSERT INTO BeliefModifiers (BeliefType, ModifierId) SELECT 'BELIEF_CITY_PATRON_GODDESS', 'GODDESS_OF_PROTECTION_' || substr(CivUniqueBuildingType, 10) || '_PRODUCTION' FROM BuildingReplaces WHERE ReplacesBuildingType = 'BUILDING_STAR_FORT';
